"","player","year","hr"
"1","youngcy01",1890,0
"2","youngcy01",1891,1
"3","keelewi01",1892,0
"4","youngcy01",1892,1
"5","keelewi01",1893,1
"6","keelewi01",1893,1
"7","youngcy01",1893,1
"8","keelewi01",1894,5
"9","youngcy01",1894,2
"10","keelewi01",1895,4
"11","youngcy01",1895,0
"12","keelewi01",1896,4
"13","lajoina01",1896,4
"14","youngcy01",1896,3
"15","keelewi01",1897,0
"16","lajoina01",1897,9
"17","wagneho01",1897,2
"18","youngcy01",1897,0
"19","keelewi01",1898,1
"20","lajoina01",1898,6
"21","wagneho01",1898,10
"22","youngcy01",1898,2
"23","keelewi01",1899,1
"24","lajoina01",1899,6
"25","wagneho01",1899,7
"26","youngcy01",1899,1
"27","keelewi01",1900,4
"28","lajoina01",1900,7
"29","mathech01",1900,0
"30","wagneho01",1900,4
"31","youngcy01",1900,1
"32","keelewi01",1901,2
"33","lajoina01",1901,14
"34","mathech01",1901,0
"35","wagneho01",1901,6
"36","youngcy01",1901,0
"37","keelewi01",1902,0
"38","lajoina01",1902,0
"39","lajoina01",1902,7
"40","mathech01",1902,2
"41","wagneho01",1902,3
"42","youngcy01",1902,1
"43","keelewi01",1903,0
"44","lajoina01",1903,7
"45","mathech01",1903,1
"46","wagneho01",1903,5
"47","youngcy01",1903,1
"48","keelewi01",1904,2
"49","lajoina01",1904,5
"50","mathech01",1904,0
"51","wagneho01",1904,4
"52","youngcy01",1904,1
"53","cobbty01",1905,1
"54","keelewi01",1905,4
"55","lajoina01",1905,2
"56","mathech01",1905,2
"57","wagneho01",1905,6
"58","youngcy01",1905,2
"59","cobbty01",1906,1
"60","collied01",1906,0
"61","keelewi01",1906,2
"62","lajoina01",1906,0
"63","mathech01",1906,0
"64","wagneho01",1906,2
"65","youngcy01",1906,0
"66","cobbty01",1907,5
"67","collied01",1907,0
"68","johnswa01",1907,0
"69","keelewi01",1907,0
"70","lajoina01",1907,2
"71","mathech01",1907,0
"72","speaktr01",1907,0
"73","wagneho01",1907,6
"74","youngcy01",1907,1
"75","cobbty01",1908,4
"76","collied01",1908,1
"77","johnswa01",1908,0
"78","keelewi01",1908,1
"79","lajoina01",1908,2
"80","mathech01",1908,0
"81","speaktr01",1908,0
"82","wagneho01",1908,10
"83","youngcy01",1908,0
"84","cobbty01",1909,9
"85","collied01",1909,3
"86","johnswa01",1909,1
"87","keelewi01",1909,1
"88","lajoina01",1909,1
"89","mathech01",1909,1
"90","speaktr01",1909,7
"91","wagneho01",1909,5
"92","youngcy01",1909,0
"93","cobbty01",1910,8
"94","collied01",1910,3
"95","johnswa01",1910,2
"96","keelewi01",1910,0
"97","lajoina01",1910,4
"98","mathech01",1910,1
"99","speaktr01",1910,7
"100","wagneho01",1910,4
"101","youngcy01",1910,0
"102","alexape01",1911,0
"103","cobbty01",1911,8
"104","collied01",1911,3
"105","johnswa01",1911,1
"106","lajoina01",1911,2
"107","mathech01",1911,0
"108","speaktr01",1911,8
"109","wagneho01",1911,9
"110","youngcy01",1911,0
"111","youngcy01",1911,0
"112","alexape01",1912,2
"113","cobbty01",1912,7
"114","collied01",1912,0
"115","johnswa01",1912,2
"116","lajoina01",1912,0
"117","maranra01",1912,0
"118","mathech01",1912,0
"119","pennohe01",1912,0
"120","speaktr01",1912,10
"121","wagneho01",1912,7
"122","alexape01",1913,0
"123","cobbty01",1913,4
"124","collied01",1913,3
"125","johnswa01",1913,2
"126","lajoina01",1913,1
"127","maranra01",1913,2
"128","mathech01",1913,0
"129","pennohe01",1913,0
"130","speaktr01",1913,3
"131","wagneho01",1913,3
"132","alexape01",1914,0
"133","cobbty01",1914,2
"134","collied01",1914,2
"135","heilmha01",1914,2
"136","johnswa01",1914,3
"137","lajoina01",1914,0
"138","maranra01",1914,4
"139","mathech01",1914,0
"140","pennohe01",1914,0
"141","ruthba01",1914,0
"142","speaktr01",1914,4
"143","wagneho01",1914,1
"144","alexape01",1915,1
"145","cobbty01",1915,3
"146","collied01",1915,4
"147","hornsro01",1915,0
"148","johnswa01",1915,2
"149","lajoina01",1915,1
"150","maranra01",1915,2
"151","mathech01",1915,0
"152","pennohe01",1915,0
"153","pennohe01",1915,0
"154","ruthba01",1915,4
"155","sislege01",1915,3
"156","speaktr01",1915,0
"157","vanceda01",1915,0
"158","vanceda01",1915,0
"159","wagneho01",1915,6
"160","alexape01",1916,0
"161","cobbty01",1916,5
"162","collied01",1916,0
"163","heilmha01",1916,2
"164","hornsro01",1916,6
"165","johnswa01",1916,1
"166","lajoina01",1916,2
"167","maranra01",1916,4
"168","mathech01",1916,0
"169","mathech01",1916,0
"170","pennohe01",1916,0
"171","ruthba01",1916,3
"172","sislege01",1916,4
"173","speaktr01",1916,2
"174","wagneho01",1916,1
"175","alexape01",1917,1
"176","cobbty01",1917,6
"177","collied01",1917,0
"178","heilmha01",1917,5
"179","hornsro01",1917,8
"180","johnswa01",1917,0
"181","maranra01",1917,3
"182","pennohe01",1917,0
"183","ruthba01",1917,2
"184","sislege01",1917,2
"185","speaktr01",1917,2
"186","wagneho01",1917,0
"187","alexape01",1918,0
"188","cobbty01",1918,3
"189","collied01",1918,2
"190","heilmha01",1918,5
"191","hornsro01",1918,5
"192","johnswa01",1918,1
"193","maranra01",1918,0
"194","ruthba01",1918,11
"195","sislege01",1918,2
"196","speaktr01",1918,0
"197","vanceda01",1918,0
"198","alexape01",1919,0
"199","cobbty01",1919,1
"200","collied01",1919,4
"201","friscfr01",1919,2
"202","heilmha01",1919,8
"203","hornsro01",1919,8
"204","johnswa01",1919,1
"205","maranra01",1919,5
"206","pennohe01",1919,0
"207","ruthba01",1919,29
"208","sislege01",1919,10
"209","speaktr01",1919,2
"210","alexape01",1920,1
"211","cobbty01",1920,2
"212","collied01",1920,3
"213","friscfr01",1920,4
"214","heilmha01",1920,9
"215","hornsro01",1920,9
"216","johnswa01",1920,1
"217","maranra01",1920,1
"218","pennohe01",1920,0
"219","ruthba01",1920,54
"220","sislege01",1920,19
"221","speaktr01",1920,8
"222","traynpi01",1920,0
"223","alexape01",1921,1
"224","cobbty01",1921,12
"225","collied01",1921,2
"226","friscfr01",1921,8
"227","heilmha01",1921,19
"228","hornsro01",1921,21
"229","johnswa01",1921,0
"230","maranra01",1921,1
"231","pennohe01",1921,1
"232","ruthba01",1921,59
"233","sislege01",1921,12
"234","speaktr01",1921,3
"235","traynpi01",1921,0
"236","alexape01",1922,0
"237","cobbty01",1922,4
"238","collied01",1922,1
"239","friscfr01",1922,5
"240","hartnga01",1922,0
"241","heilmha01",1922,21
"242","hornsro01",1922,42
"243","johnswa01",1922,1
"244","maranra01",1922,0
"245","pennohe01",1922,0
"246","ruthba01",1922,35
"247","sislege01",1922,8
"248","speaktr01",1922,11
"249","traynpi01",1922,4
"250","vanceda01",1922,0
"251","alexape01",1923,1
"252","cobbty01",1923,6
"253","collied01",1923,5
"254","friscfr01",1923,12
"255","hartnga01",1923,8
"256","heilmha01",1923,18
"257","hornsro01",1923,17
"258","johnswa01",1923,0
"259","lyonste01",1923,0
"260","maranra01",1923,1
"261","pennohe01",1923,0
"262","ruthba01",1923,41
"263","speaktr01",1923,17
"264","terrybi01",1923,0
"265","traynpi01",1923,12
"266","vanceda01",1923,1
"267","alexape01",1924,1
"268","cobbty01",1924,4
"269","collied01",1924,6
"270","friscfr01",1924,7
"271","gehrich01",1924,0
"272","hartnga01",1924,16
"273","heilmha01",1924,10
"274","hornsro01",1924,25
"275","johnswa01",1924,1
"276","lyonste01",1924,0
"277","maranra01",1924,2
"278","pennohe01",1924,2
"279","ruffire01",1924,0
"280","ruthba01",1924,46
"281","simmoal01",1924,8
"282","sislege01",1924,9
"283","speaktr01",1924,9
"284","terrybi01",1924,5
"285","traynpi01",1924,5
"286","vanceda01",1924,2
"287","alexape01",1925,2
"288","cobbty01",1925,12
"289","cochrmi01",1925,6
"290","collied01",1925,3
"291","foxxji01",1925,0
"292","friscfr01",1925,11
"293","gehrich01",1925,0
"294","grovele01",1925,0
"295","hartnga01",1925,24
"296","heilmha01",1925,13
"297","hornsro01",1925,39
"298","johnswa01",1925,2
"299","lyonste01",1925,0
"300","maranra01",1925,0
"301","pennohe01",1925,0
"302","ruffire01",1925,0
"303","ruthba01",1925,25
"304","simmoal01",1925,24
"305","sislege01",1925,12
"306","speaktr01",1925,12
"307","terrybi01",1925,11
"308","traynpi01",1925,6
"309","vanceda01",1925,3
"310","alexape01",1926,0
"311","alexape01",1926,0
"312","cobbty01",1926,4
"313","cochrmi01",1926,8
"314","collied01",1926,1
"315","cronijo01",1926,0
"316","foxxji01",1926,0
"317","friscfr01",1926,5
"318","gehrich01",1926,1
"319","grovele01",1926,0
"320","hartnga01",1926,8
"321","heilmha01",1926,9
"322","hornsro01",1926,11
"323","johnswa01",1926,1
"324","lyonste01",1926,0
"325","maranra01",1926,0
"326","ottme01",1926,0
"327","pennohe01",1926,0
"328","ruffire01",1926,1
"329","ruthba01",1926,47
"330","simmoal01",1926,19
"331","sislege01",1926,7
"332","speaktr01",1926,7
"333","terrybi01",1926,5
"334","traynpi01",1926,3
"335","vanceda01",1926,0
"336","wanerpa01",1926,8
"337","alexape01",1927,0
"338","cobbty01",1927,5
"339","cochrmi01",1927,12
"340","collied01",1927,1
"341","cronijo01",1927,0
"342","foxxji01",1927,3
"343","friscfr01",1927,10
"344","gehrich01",1927,4
"345","grovele01",1927,2
"346","hartnga01",1927,10
"347","heilmha01",1927,14
"348","hornsro01",1927,26
"349","johnswa01",1927,2
"350","lyonste01",1927,1
"351","maranra01",1927,0
"352","ottme01",1927,1
"353","pennohe01",1927,0
"354","ruffire01",1927,0
"355","ruthba01",1927,60
"356","simmoal01",1927,15
"357","sislege01",1927,5
"358","speaktr01",1927,2
"359","terrybi01",1927,20
"360","traynpi01",1927,5
"361","vanceda01",1927,0
"362","wanerpa01",1927,9
"363","alexape01",1928,1
"364","cobbty01",1928,1
"365","cochrmi01",1928,10
"366","collied01",1928,0
"367","cronijo01",1928,0
"368","dickebi01",1928,0
"369","foxxji01",1928,13
"370","friscfr01",1928,10
"371","gehrich01",1928,6
"372","grovele01",1928,1
"373","hartnga01",1928,14
"374","heilmha01",1928,14
"375","hornsro01",1928,21
"376","hubbeca01",1928,0
"377","lyonste01",1928,0
"378","maranra01",1928,1
"379","ottme01",1928,18
"380","pennohe01",1928,0
"381","ruffire01",1928,2
"382","ruthba01",1928,54
"383","simmoal01",1928,15
"384","sislege01",1928,0
"385","sislege01",1928,4
"386","speaktr01",1928,3
"387","terrybi01",1928,17
"388","traynpi01",1928,3
"389","vanceda01",1928,0
"390","wanerpa01",1928,6
"391","alexape01",1929,0
"392","cochrmi01",1929,7
"393","collied01",1929,0
"394","cronijo01",1929,8
"395","dickebi01",1929,10
"396","foxxji01",1929,33
"397","friscfr01",1929,5
"398","gehrich01",1929,13
"399","grovele01",1929,1
"400","hartnga01",1929,1
"401","heilmha01",1929,15
"402","hornsro01",1929,39
"403","hubbeca01",1929,0
"404","lyonste01",1929,0
"405","maranra01",1929,0
"406","ottme01",1929,42
"407","pennohe01",1929,0
"408","ruffire01",1929,2
"409","ruthba01",1929,46
"410","simmoal01",1929,34
"411","sislege01",1929,2
"412","terrybi01",1929,14
"413","traynpi01",1929,4
"414","vanceda01",1929,0
"415","wanerpa01",1929,15
"416","alexape01",1930,0
"417","applilu01",1930,0
"418","cochrmi01",1930,10
"419","collied01",1930,0
"420","cronijo01",1930,13
"421","deandi01",1930,0
"422","dickebi01",1930,5
"423","foxxji01",1930,37
"424","friscfr01",1930,10
"425","gehrich01",1930,16
"426","greenha01",1930,0
"427","grovele01",1930,2
"428","hartnga01",1930,37
"429","heilmha01",1930,19
"430","hornsro01",1930,2
"431","hubbeca01",1930,0
"432","lyonste01",1930,1
"433","maranra01",1930,2
"434","ottme01",1930,25
"435","pennohe01",1930,0
"436","ruffire01",1930,0
"437","ruffire01",1930,4
"438","ruthba01",1930,49
"439","simmoal01",1930,36
"440","sislege01",1930,3
"441","terrybi01",1930,23
"442","traynpi01",1930,9
"443","vanceda01",1930,0
"444","wanerpa01",1930,8
"445","applilu01",1931,1
"446","cochrmi01",1931,17
"447","cronijo01",1931,12
"448","dickebi01",1931,6
"449","foxxji01",1931,30
"450","friscfr01",1931,4
"451","gehrich01",1931,4
"452","grovele01",1931,0
"453","hartnga01",1931,8
"454","hornsro01",1931,16
"455","hubbeca01",1931,0
"456","lyonste01",1931,0
"457","maranra01",1931,0
"458","ottme01",1931,29
"459","pennohe01",1931,1
"460","ruffire01",1931,3
"461","ruthba01",1931,46
"462","simmoal01",1931,22
"463","terrybi01",1931,9
"464","traynpi01",1931,2
"465","vanceda01",1931,0
"466","wanerpa01",1931,6
"467","applilu01",1932,3
"468","cochrmi01",1932,23
"469","cronijo01",1932,6
"470","deandi01",1932,2
"471","dickebi01",1932,15
"472","foxxji01",1932,58
"473","friscfr01",1932,3
"474","gehrich01",1932,19
"475","grovele01",1932,4
"476","hartnga01",1932,12
"477","heilmha01",1932,0
"478","hornsro01",1932,1
"479","hubbeca01",1932,1
"480","lyonste01",1932,1
"481","maranra01",1932,0
"482","medwijo01",1932,2
"483","ottme01",1932,38
"484","pennohe01",1932,0
"485","ruffire01",1932,3
"486","ruthba01",1932,41
"487","simmoal01",1932,35
"488","terrybi01",1932,28
"489","traynpi01",1932,2
"490","vanceda01",1932,0
"491","wanerpa01",1932,8
"492","applilu01",1933,6
"493","cochrmi01",1933,15
"494","cronijo01",1933,5
"495","deandi01",1933,1
"496","dickebi01",1933,14
"497","foxxji01",1933,48
"498","friscfr01",1933,4
"499","gehrich01",1933,12
"500","greenha01",1933,12
"501","grovele01",1933,1
"502","hartnga01",1933,16
"503","hornsro01",1933,2
"504","hornsro01",1933,1
"505","hubbeca01",1933,1
"506","lyonste01",1933,1
"507","maranra01",1933,0
"508","medwijo01",1933,18
"509","ottme01",1933,23
"510","pennohe01",1933,0
"511","ruffire01",1933,2
"512","ruthba01",1933,34
"513","simmoal01",1933,14
"514","terrybi01",1933,6
"515","traynpi01",1933,1
"516","vanceda01",1933,0
"517","wanerpa01",1933,7
"518","applilu01",1934,2
"519","cochrmi01",1934,2
"520","cronijo01",1934,7
"521","deandi01",1934,2
"522","dickebi01",1934,12
"523","foxxji01",1934,44
"524","friscfr01",1934,3
"525","gehrich01",1934,11
"526","greenha01",1934,26
"527","grovele01",1934,1
"528","hartnga01",1934,22
"529","hornsro01",1934,1
"530","hubbeca01",1934,0
"531","lyonste01",1934,1
"532","medwijo01",1934,18
"533","ottme01",1934,35
"534","pennohe01",1934,0
"535","ruffire01",1934,2
"536","ruthba01",1934,22
"537","simmoal01",1934,18
"538","terrybi01",1934,8
"539","traynpi01",1934,1
"540","vanceda01",1934,0
"541","vanceda01",1934,1
"542","wanerpa01",1934,14
"543","applilu01",1935,1
"544","cochrmi01",1935,5
"545","cronijo01",1935,9
"546","deandi01",1935,2
"547","dickebi01",1935,14
"548","foxxji01",1935,36
"549","friscfr01",1935,1
"550","gehrich01",1935,19
"551","greenha01",1935,36
"552","grovele01",1935,1
"553","hartnga01",1935,13
"554","hornsro01",1935,0
"555","hubbeca01",1935,1
"556","lyonste01",1935,0
"557","maranra01",1935,0
"558","medwijo01",1935,23
"559","ottme01",1935,31
"560","ruffire01",1935,2
"561","ruthba01",1935,6
"562","simmoal01",1935,16
"563","terrybi01",1935,6
"564","traynpi01",1935,1
"565","vanceda01",1935,0
"566","wanerpa01",1935,11
"567","applilu01",1936,6
"568","cochrmi01",1936,2
"569","cronijo01",1936,2
"570","deandi01",1936,0
"571","dickebi01",1936,22
"572","dimagjo01",1936,29
"573","fellebo01",1936,0
"574","foxxji01",1936,41
"575","friscfr01",1936,1
"576","gehrich01",1936,15
"577","greenha01",1936,1
"578","grovele01",1936,0
"579","hartnga01",1936,7
"580","hornsro01",1936,0
"581","hubbeca01",1936,0
"582","lyonste01",1936,0
"583","medwijo01",1936,18
"584","ottme01",1936,33
"585","ruffire01",1936,5
"586","simmoal01",1936,13
"587","terrybi01",1936,2
"588","wanerpa01",1936,5
"589","applilu01",1937,4
"590","cochrmi01",1937,2
"591","cronijo01",1937,18
"592","deandi01",1937,1
"593","dickebi01",1937,29
"594","dimagjo01",1937,46
"595","fellebo01",1937,0
"596","foxxji01",1937,36
"597","friscfr01",1937,0
"598","gehrich01",1937,14
"599","greenha01",1937,40
"600","grovele01",1937,0
"601","hartnga01",1937,12
"602","hornsro01",1937,1
"603","hubbeca01",1937,0
"604","lyonste01",1937,0
"605","medwijo01",1937,31
"606","ottme01",1937,31
"607","ruffire01",1937,1
"608","simmoal01",1937,8
"609","traynpi01",1937,0
"610","wanerpa01",1937,2
"611","applilu01",1938,0
"612","boudrlo01",1938,0
"613","cronijo01",1938,17
"614","deandi01",1938,0
"615","dickebi01",1938,27
"616","dimagjo01",1938,32
"617","fellebo01",1938,0
"618","foxxji01",1938,50
"619","gehrich01",1938,20
"620","greenha01",1938,58
"621","grovele01",1938,0
"622","hartnga01",1938,10
"623","hubbeca01",1938,0
"624","lyonste01",1938,0
"625","medwijo01",1938,21
"626","ottme01",1938,36
"627","ruffire01",1938,3
"628","simmoal01",1938,21
"629","wanerpa01",1938,6
"630","applilu01",1939,0
"631","boudrlo01",1939,0
"632","cronijo01",1939,19
"633","deandi01",1939,0
"634","dickebi01",1939,24
"635","dimagjo01",1939,30
"636","fellebo01",1939,0
"637","foxxji01",1939,35
"638","gehrich01",1939,16
"639","greenha01",1939,33
"640","grovele01",1939,1
"641","hartnga01",1939,12
"642","hubbeca01",1939,1
"643","lyonste01",1939,0
"644","medwijo01",1939,14
"645","ottme01",1939,27
"646","ruffire01",1939,1
"647","simmoal01",1939,7
"648","simmoal01",1939,0
"649","wanerpa01",1939,3
"650","willite01",1939,31
"651","wynnea01",1939,0
"652","applilu01",1940,0
"653","boudrlo01",1940,9
"654","cronijo01",1940,24
"655","deandi01",1940,0
"656","dickebi01",1940,9
"657","dimagjo01",1940,31
"658","fellebo01",1940,2
"659","foxxji01",1940,36
"660","gehrich01",1940,10
"661","greenha01",1940,41
"662","grovele01",1940,1
"663","hartnga01",1940,1
"664","hubbeca01",1940,0
"665","lyonste01",1940,0
"666","medwijo01",1940,3
"667","medwijo01",1940,14
"668","ottme01",1940,19
"669","ruffire01",1940,1
"670","simmoal01",1940,1
"671","wanerpa01",1940,1
"672","willite01",1940,23
"673","applilu01",1941,1
"674","boudrlo01",1941,10
"675","cronijo01",1941,16
"676","deandi01",1941,0
"677","dickebi01",1941,7
"678","dimagjo01",1941,30
"679","fellebo01",1941,1
"680","foxxji01",1941,19
"681","gehrich01",1941,3
"682","greenha01",1941,2
"683","grovele01",1941,0
"684","hartnga01",1941,5
"685","hubbeca01",1941,0
"686","lemonbo01",1941,0
"687","lyonste01",1941,0
"688","medwijo01",1941,18
"689","musiast01",1941,1
"690","ottme01",1941,27
"691","ruffire01",1941,2
"692","simmoal01",1941,0
"693","wanerpa01",1941,0
"694","wanerpa01",1941,2
"695","willite01",1941,37
"696","wynnea01",1941,0
"697","applilu01",1942,3
"698","boudrlo01",1942,2
"699","cronijo01",1942,4
"700","dickebi01",1942,2
"701","dimagjo01",1942,21
"702","foxxji01",1942,5
"703","foxxji01",1942,3
"704","gehrich01",1942,1
"705","hubbeca01",1942,0
"706","lemonbo01",1942,0
"707","lyonste01",1942,0
"708","medwijo01",1942,4
"709","musiast01",1942,10
"710","ottme01",1942,30
"711","ruffire01",1942,1
"712","spahnwa01",1942,0
"713","wanerpa01",1942,1
"714","willite01",1942,36
"715","wynnea01",1942,0
"716","applilu01",1943,3
"717","boudrlo01",1943,3
"718","cronijo01",1943,5
"719","dickebi01",1943,4
"720","hubbeca01",1943,0
"721","medwijo01",1943,0
"722","medwijo01",1943,5
"723","musiast01",1943,13
"724","ottme01",1943,18
"725","simmoal01",1943,1
"726","wanerpa01",1943,1
"727","wynnea01",1943,1
"728","boudrlo01",1944,3
"729","cronijo01",1944,5
"730","foxxji01",1944,0
"731","medwijo01",1944,7
"732","musiast01",1944,12
"733","ottme01",1944,26
"734","simmoal01",1944,0
"735","wanerpa01",1944,0
"736","wanerpa01",1944,0
"737","wynnea01",1944,1
"738","applilu01",1945,1
"739","boudrlo01",1945,3
"740","cronijo01",1945,0
"741","fellebo01",1945,0
"742","foxxji01",1945,7
"743","greenha01",1945,13
"744","medwijo01",1945,3
"745","medwijo01",1945,0
"746","ottme01",1945,21
"747","ruffire01",1945,1
"748","wanerpa01",1945,0
"749","applilu01",1946,1
"750","berrayo01",1946,2
"751","boudrlo01",1946,6
"752","dickebi01",1946,2
"753","dimagjo01",1946,25
"754","fellebo01",1946,0
"755","greenha01",1946,44
"756","kinerra01",1946,23
"757","lemonbo01",1946,1
"758","lyonste01",1946,0
"759","medwijo01",1946,2
"760","musiast01",1946,16
"761","ottme01",1946,1
"762","ruffire01",1946,0
"763","spahnwa01",1946,0
"764","willite01",1946,38
"765","wynnea01",1946,1
"766","applilu01",1947,8
"767","berrayo01",1947,11
"768","boudrlo01",1947,4
"769","deandi01",1947,0
"770","dimagjo01",1947,20
"771","fellebo01",1947,0
"772","greenha01",1947,25
"773","kinerra01",1947,51
"774","lemonbo01",1947,2
"775","medwijo01",1947,4
"776","musiast01",1947,19
"777","ottme01",1947,0
"778","robinja02",1947,12
"779","ruffire01",1947,0
"780","snidedu01",1947,0
"781","spahnwa01",1947,0
"782","willite01",1947,32
"783","wynnea01",1947,2
"784","applilu01",1948,0
"785","berrayo01",1948,14
"786","boudrlo01",1948,18
"787","camparo01",1948,9
"788","dimagjo01",1948,39
"789","fellebo01",1948,0
"790","kinerra01",1948,40
"791","lemonbo01",1948,5
"792","medwijo01",1948,0
"793","musiast01",1948,39
"794","roberro01",1948,1
"795","robinja02",1948,12
"796","snidedu01",1948,5
"797","spahnwa01",1948,1
"798","willite01",1948,25
"799","wynnea01",1948,0
"800","applilu01",1949,5
"801","berrayo01",1949,20
"802","boudrlo01",1949,4
"803","camparo01",1949,22
"804","dimagjo01",1949,14
"805","fellebo01",1949,2
"806","kinerra01",1949,54
"807","lemonbo01",1949,7
"808","musiast01",1949,36
"809","roberro01",1949,0
"810","robinja02",1949,16
"811","snidedu01",1949,23
"812","spahnwa01",1949,2
"813","willite01",1949,43
"814","wynnea01",1949,1
"815","applilu01",1950,0
"816","berrayo01",1950,28
"817","boudrlo01",1950,1
"818","camparo01",1950,31
"819","dimagjo01",1950,32
"820","fellebo01",1950,2
"821","fordwh01",1950,0
"822","kinerra01",1950,47
"823","lemonbo01",1950,6
"824","musiast01",1950,28
"825","roberro01",1950,0
"826","robinja02",1950,14
"827","snidedu01",1950,31
"828","spahnwa01",1950,1
"829","willite01",1950,28
"830","wynnea01",1950,2
"831","berrayo01",1951,27
"832","boudrlo01",1951,5
"833","camparo01",1951,33
"834","dimagjo01",1951,12
"835","fellebo01",1951,0
"836","kinerra01",1951,42
"837","lemonbo01",1951,3
"838","mantlmi01",1951,13
"839","mayswi01",1951,20
"840","musiast01",1951,32
"841","roberro01",1951,0
"842","robinja02",1951,19
"843","snidedu01",1951,29
"844","spahnwa01",1951,1
"845","willite01",1951,30
"846","wynnea01",1951,1
"847","berrayo01",1952,30
"848","boudrlo01",1952,0
"849","camparo01",1952,22
"850","fellebo01",1952,1
"851","kinerra01",1952,37
"852","lemonbo01",1952,2
"853","mantlmi01",1952,23
"854","matheed01",1952,25
"855","mayswi01",1952,4
"856","musiast01",1952,21
"857","roberro01",1952,0
"858","robinja02",1952,19
"859","snidedu01",1952,21
"860","spahnwa01",1952,2
"861","wilheho01",1952,1
"862","willite01",1952,1
"863","wynnea01",1952,0
"864","bankser01",1953,2
"865","berrayo01",1953,27
"866","camparo01",1953,41
"867","fellebo01",1953,0
"868","fordwh01",1953,0
"869","kalinal01",1953,1
"870","kinerra01",1953,7
"871","kinerra01",1953,28
"872","lemonbo01",1953,2
"873","mantlmi01",1953,21
"874","matheed01",1953,47
"875","musiast01",1953,30
"876","roberro01",1953,1
"877","robinja02",1953,12
"878","snidedu01",1953,42
"879","spahnwa01",1953,2
"880","wilheho01",1953,0
"881","willite01",1953,13
"882","wynnea01",1953,3
"883","aaronha01",1954,13
"884","bankser01",1954,19
"885","berrayo01",1954,22
"886","camparo01",1954,19
"887","fellebo01",1954,0
"888","fordwh01",1954,0
"889","kalinal01",1954,4
"890","killeha01",1954,0
"891","kinerra01",1954,22
"892","lemonbo01",1954,2
"893","mantlmi01",1954,27
"894","matheed01",1954,40
"895","mayswi01",1954,41
"896","musiast01",1954,35
"897","roberro01",1954,0
"898","robinja02",1954,15
"899","snidedu01",1954,40
"900","spahnwa01",1954,1
"901","wilheho01",1954,0
"902","willite01",1954,29
"903","wynnea01",1954,0
"904","aaronha01",1955,27
"905","bankser01",1955,44
"906","berrayo01",1955,27
"907","camparo01",1955,32
"908","fellebo01",1955,0
"909","fordwh01",1955,1
"910","kalinal01",1955,27
"911","killeha01",1955,4
"912","kinerra01",1955,18
"913","koufasa01",1955,0
"914","lemonbo01",1955,1
"915","mantlmi01",1955,37
"916","matheed01",1955,41
"917","mayswi01",1955,51
"918","musiast01",1955,33
"919","roberro01",1955,2
"920","robinbr01",1955,0
"921","robinja02",1955,8
"922","snidedu01",1955,42
"923","spahnwa01",1955,4
"924","wilheho01",1955,0
"925","willite01",1955,28
"926","wynnea01",1955,1
"927","aaronha01",1956,26
"928","aparilu01",1956,3
"929","bankser01",1956,28
"930","berrayo01",1956,30
"931","camparo01",1956,20
"932","drysddo01",1956,1
"933","fellebo01",1956,0
"934","fordwh01",1956,0
"935","kalinal01",1956,27
"936","killeha01",1956,5
"937","koufasa01",1956,0
"938","lemonbo01",1956,5
"939","mantlmi01",1956,52
"940","matheed01",1956,37
"941","mayswi01",1956,36
"942","musiast01",1956,27
"943","roberro01",1956,1
"944","robinbr01",1956,1
"945","robinfr02",1956,38
"946","robinja02",1956,10
"947","snidedu01",1956,43
"948","spahnwa01",1956,3
"949","wilheho01",1956,0
"950","willite01",1956,24
"951","wynnea01",1956,1
"952","aaronha01",1957,44
"953","aparilu01",1957,3
"954","bankser01",1957,43
"955","berrayo01",1957,24
"956","camparo01",1957,13
"957","drysddo01",1957,2
"958","fordwh01",1957,0
"959","kalinal01",1957,23
"960","killeha01",1957,2
"961","koufasa01",1957,0
"962","lemonbo01",1957,1
"963","mantlmi01",1957,34
"964","matheed01",1957,32
"965","mayswi01",1957,35
"966","musiast01",1957,29
"967","roberro01",1957,0
"968","robinbr01",1957,2
"969","robinfr02",1957,29
"970","snidedu01",1957,40
"971","spahnwa01",1957,2
"972","wilheho01",1957,0
"973","wilheho01",1957,0
"974","willite01",1957,38
"975","wynnea01",1957,0
"976","aaronha01",1958,30
"977","aparilu01",1958,2
"978","bankser01",1958,47
"979","berrayo01",1958,22
"980","drysddo01",1958,7
"981","fordwh01",1958,0
"982","kalinal01",1958,16
"983","killeha01",1958,0
"984","koufasa01",1958,0
"985","lemonbo01",1958,0
"986","mantlmi01",1958,42
"987","matheed01",1958,31
"988","mayswi01",1958,29
"989","musiast01",1958,17
"990","roberro01",1958,0
"991","robinbr01",1958,3
"992","robinfr02",1958,31
"993","snidedu01",1958,15
"994","spahnwa01",1958,2
"995","wilheho01",1958,0
"996","wilheho01",1958,0
"997","willite01",1958,26
"998","wynnea01",1958,0
"999","aaronha01",1959,39
"1000","aparilu01",1959,6
"1001","bankser01",1959,45
"1002","berrayo01",1959,19
"1003","drysddo01",1959,4
"1004","fordwh01",1959,1
"1005","gibsobo01",1959,0
"1006","kalinal01",1959,27
"1007","killeha01",1959,42
"1008","koufasa01",1959,0
"1009","mantlmi01",1959,31
"1010","matheed01",1959,46
"1011","mayswi01",1959,34
"1012","mccovwi01",1959,13
"1013","musiast01",1959,14
"1014","roberro01",1959,0
"1015","robinbr01",1959,4
"1016","robinfr02",1959,36
"1017","snidedu01",1959,23
"1018","spahnwa01",1959,2
"1019","wilheho01",1959,0
"1020","willibi01",1959,0
"1021","willite01",1959,10
"1022","wynnea01",1959,2
"1023","aaronha01",1960,40
"1024","aparilu01",1960,2
"1025","bankser01",1960,41
"1026","berrayo01",1960,15
"1027","drysddo01",1960,0
"1028","fordwh01",1960,0
"1029","gibsobo01",1960,0
"1030","kalinal01",1960,15
"1031","killeha01",1960,31
"1032","koufasa01",1960,0
"1033","mantlmi01",1960,40
"1034","maricju01",1960,0
"1035","matheed01",1960,39
"1036","mayswi01",1960,29
"1037","mccovwi01",1960,13
"1038","musiast01",1960,17
"1039","roberro01",1960,0
"1040","robinbr01",1960,14
"1041","robinfr02",1960,31
"1042","snidedu01",1960,14
"1043","spahnwa01",1960,3
"1044","wilheho01",1960,0
"1045","willibi01",1960,2
"1046","willite01",1960,29
"1047","wynnea01",1960,1
"1048","aaronha01",1961,34
"1049","aparilu01",1961,6
"1050","bankser01",1961,29
"1051","berrayo01",1961,22
"1052","brocklo01",1961,0
"1053","drysddo01",1961,5
"1054","fordwh01",1961,0
"1055","gibsobo01",1961,1
"1056","kalinal01",1961,19
"1057","killeha01",1961,46
"1058","koufasa01",1961,0
"1059","mantlmi01",1961,54
"1060","maricju01",1961,0
"1061","matheed01",1961,32
"1062","mayswi01",1961,40
"1063","mccovwi01",1961,18
"1064","musiast01",1961,15
"1065","roberro01",1961,0
"1066","robinbr01",1961,7
"1067","robinfr02",1961,37
"1068","snidedu01",1961,16
"1069","spahnwa01",1961,4
"1070","wilheho01",1961,0
"1071","willibi01",1961,25
"1072","wynnea01",1961,0
"1073","yastrca01",1961,11
"1074","aaronha01",1962,45
"1075","aparilu01",1962,7
"1076","bankser01",1962,37
"1077","berrayo01",1962,10
"1078","brocklo01",1962,9
"1079","drysddo01",1962,0
"1080","fordwh01",1962,0
"1081","gibsobo01",1962,2
"1082","kalinal01",1962,29
"1083","killeha01",1962,48
"1084","koufasa01",1962,1
"1085","mantlmi01",1962,30
"1086","maricju01",1962,0
"1087","matheed01",1962,29
"1088","mayswi01",1962,49
"1089","mccovwi01",1962,20
"1090","musiast01",1962,19
"1091","perryga01",1962,0
"1092","roberro01",1962,0
"1093","robinbr01",1962,23
"1094","robinfr02",1962,39
"1095","snidedu01",1962,5
"1096","spahnwa01",1962,2
"1097","stargwi01",1962,0
"1098","wilheho01",1962,0
"1099","willibi01",1962,22
"1100","wynnea01",1962,0
"1101","yastrca01",1962,19
"1102","aaronha01",1963,44
"1103","aparilu01",1963,5
"1104","bankser01",1963,18
"1105","berrayo01",1963,8
"1106","brocklo01",1963,9
"1107","drysddo01",1963,0
"1108","fordwh01",1963,1
"1109","gibsobo01",1963,3
"1110","kalinal01",1963,27
"1111","killeha01",1963,45
"1112","koufasa01",1963,1
"1113","mantlmi01",1963,15
"1114","maricju01",1963,1
"1115","matheed01",1963,23
"1116","mayswi01",1963,38
"1117","mccovwi01",1963,44
"1118","morgajo02",1963,0
"1119","musiast01",1963,12
"1120","perryga01",1963,0
"1121","roberro01",1963,0
"1122","robinbr01",1963,11
"1123","robinfr02",1963,21
"1124","snidedu01",1963,14
"1125","spahnwa01",1963,2
"1126","stargwi01",1963,11
"1127","wilheho01",1963,0
"1128","willibi01",1963,25
"1129","wynnea01",1963,0
"1130","yastrca01",1963,14
"1131","aaronha01",1964,24
"1132","aparilu01",1964,10
"1133","bankser01",1964,23
"1134","brocklo01",1964,2
"1135","brocklo01",1964,12
"1136","drysddo01",1964,1
"1137","fordwh01",1964,0
"1138","gibsobo01",1964,0
"1139","kalinal01",1964,17
"1140","killeha01",1964,49
"1141","koufasa01",1964,0
"1142","mantlmi01",1964,35
"1143","maricju01",1964,0
"1144","matheed01",1964,23
"1145","mayswi01",1964,47
"1146","mccovwi01",1964,18
"1147","morgajo02",1964,0
"1148","niekrph01",1964,0
"1149","perezto01",1964,0
"1150","perryga01",1964,0
"1151","roberro01",1964,0
"1152","robinbr01",1964,28
"1153","robinfr02",1964,29
"1154","snidedu01",1964,4
"1155","spahnwa01",1964,1
"1156","stargwi01",1964,21
"1157","wilheho01",1964,0
"1158","willibi01",1964,33
"1159","yastrca01",1964,15
"1160","aaronha01",1965,32
"1161","aparilu01",1965,8
"1162","bankser01",1965,28
"1163","berrayo01",1965,0
"1164","brocklo01",1965,16
"1165","carltst01",1965,0
"1166","drysddo01",1965,7
"1167","fordwh01",1965,0
"1168","gibsobo01",1965,5
"1169","hunteca01",1965,0
"1170","jenkife01",1965,0
"1171","kalinal01",1965,18
"1172","killeha01",1965,25
"1173","koufasa01",1965,0
"1174","mantlmi01",1965,19
"1175","maricju01",1965,0
"1176","matheed01",1965,32
"1177","mayswi01",1965,52
"1178","mccovwi01",1965,39
"1179","morgajo02",1965,14
"1180","niekrph01",1965,0
"1181","palmeji01",1965,1
"1182","perezto01",1965,12
"1183","perryga01",1965,0
"1184","roberro01",1965,0
"1185","roberro01",1965,0
"1186","robinbr01",1965,18
"1187","robinfr02",1965,33
"1188","spahnwa01",1965,0
"1189","spahnwa01",1965,0
"1190","stargwi01",1965,27
"1191","wilheho01",1965,0
"1192","willibi01",1965,34
"1193","yastrca01",1965,20
"1194","aaronha01",1966,44
"1195","aparilu01",1966,6
"1196","bankser01",1966,15
"1197","brocklo01",1966,15
"1198","carltst01",1966,0
"1199","drysddo01",1966,2
"1200","fordwh01",1966,0
"1201","gibsobo01",1966,1
"1202","hunteca01",1966,0
"1203","jenkife01",1966,0
"1204","jenkife01",1966,1
"1205","kalinal01",1966,29
"1206","killeha01",1966,39
"1207","koufasa01",1966,0
"1208","mantlmi01",1966,23
"1209","maricju01",1966,1
"1210","matheed01",1966,16
"1211","mayswi01",1966,37
"1212","mccovwi01",1966,36
"1213","morgajo02",1966,5
"1214","niekrph01",1966,0
"1215","palmeji01",1966,1
"1216","perezto01",1966,4
"1217","perryga01",1966,0
"1218","roberro01",1966,0
"1219","roberro01",1966,0
"1220","robinbr01",1966,23
"1221","robinfr02",1966,49
"1222","ryanno01",1966,0
"1223","stargwi01",1966,33
"1224","suttodo01",1966,0
"1225","wilheho01",1966,0
"1226","willibi01",1966,29
"1227","yastrca01",1966,16
"1228","aaronha01",1967,39
"1229","aparilu01",1967,4
"1230","bankser01",1967,23
"1231","benchjo01",1967,1
"1232","brocklo01",1967,21
"1233","carewro01",1967,8
"1234","carltst01",1967,0
"1235","drysddo01",1967,0
"1236","fordwh01",1967,0
"1237","gibsobo01",1967,0
"1238","hunteca01",1967,2
"1239","jacksre01",1967,1
"1240","jenkife01",1967,0
"1241","kalinal01",1967,25
"1242","killeha01",1967,44
"1243","mantlmi01",1967,22
"1244","maricju01",1967,0
"1245","matheed01",1967,10
"1246","matheed01",1967,6
"1247","mayswi01",1967,22
"1248","mccovwi01",1967,31
"1249","morgajo02",1967,6
"1250","niekrph01",1967,0
"1251","palmeji01",1967,0
"1252","perezto01",1967,26
"1253","perryga01",1967,0
"1254","robinbr01",1967,22
"1255","robinfr02",1967,30
"1256","seaveto01",1967,0
"1257","stargwi01",1967,20
"1258","suttodo01",1967,0
"1259","wilheho01",1967,0
"1260","willibi01",1967,28
"1261","yastrca01",1967,44
"1262","aaronha01",1968,29
"1263","aparilu01",1968,4
"1264","bankser01",1968,32
"1265","benchjo01",1968,15
"1266","brocklo01",1968,6
"1267","carewro01",1968,1
"1268","carltst01",1968,2
"1269","drysddo01",1968,0
"1270","fingero01",1968,0
"1271","gibsobo01",1968,0
"1272","hunteca01",1968,1
"1273","jacksre01",1968,29
"1274","jenkife01",1968,1
"1275","kalinal01",1968,10
"1276","killeha01",1968,17
"1277","mantlmi01",1968,18
"1278","maricju01",1968,0
"1279","matheed01",1968,3
"1280","mayswi01",1968,23
"1281","mccovwi01",1968,36
"1282","morgajo02",1968,0
"1283","niekrph01",1968,2
"1284","perezto01",1968,18
"1285","perryga01",1968,0
"1286","robinbr01",1968,17
"1287","robinfr02",1968,15
"1288","ryanno01",1968,0
"1289","seaveto01",1968,0
"1290","stargwi01",1968,24
"1291","suttodo01",1968,0
"1292","wilheho01",1968,0
"1293","willibi01",1968,30
"1294","yastrca01",1968,23
"1295","aaronha01",1969,44
"1296","aparilu01",1969,5
"1297","bankser01",1969,23
"1298","benchjo01",1969,26
"1299","brocklo01",1969,12
"1300","carewro01",1969,8
"1301","carltst01",1969,1
"1302","drysddo01",1969,0
"1303","fingero01",1969,0
"1304","fiskca01",1969,0
"1305","gibsobo01",1969,1
"1306","hunteca01",1969,1
"1307","jacksre01",1969,47
"1308","jenkife01",1969,1
"1309","kalinal01",1969,21
"1310","killeha01",1969,49
"1311","maricju01",1969,0
"1312","mayswi01",1969,13
"1313","mccovwi01",1969,45
"1314","morgajo02",1969,15
"1315","niekrph01",1969,0
"1316","palmeji01",1969,0
"1317","perezto01",1969,37
"1318","perryga01",1969,1
"1319","robinbr01",1969,23
"1320","robinfr02",1969,32
"1321","ryanno01",1969,0
"1322","seaveto01",1969,0
"1323","stargwi01",1969,29
"1324","suttodo01",1969,0
"1325","wilheho01",1969,0
"1326","wilheho01",1969,0
"1327","willibi01",1969,21
"1328","yastrca01",1969,40
"1329","aaronha01",1970,38
"1330","aparilu01",1970,5
"1331","bankser01",1970,12
"1332","benchjo01",1970,45
"1333","blylebe01",1970,0
"1334","brocklo01",1970,13
"1335","carewro01",1970,4
"1336","carltst01",1970,0
"1337","fingero01",1970,1
"1338","gibsobo01",1970,2
"1339","hunteca01",1970,1
"1340","jacksre01",1970,23
"1341","jenkife01",1970,3
"1342","kalinal01",1970,16
"1343","killeha01",1970,41
"1344","maricju01",1970,0
"1345","mayswi01",1970,28
"1346","mccovwi01",1970,39
"1347","morgajo02",1970,8
"1348","niekrph01",1970,1
"1349","palmeji01",1970,1
"1350","perezto01",1970,40
"1351","perryga01",1970,1
"1352","robinbr01",1970,18
"1353","robinfr02",1970,25
"1354","ryanno01",1970,0
"1355","seaveto01",1970,1
"1356","stargwi01",1970,31
"1357","suttodo01",1970,0
"1358","wilheho01",1970,0
"1359","wilheho01",1970,0
"1360","willibi01",1970,42
"1361","yastrca01",1970,40
"1362","aaronha01",1971,47
"1363","aparilu01",1971,4
"1364","bankser01",1971,3
"1365","benchjo01",1971,27
"1366","blylebe01",1971,0
"1367","brocklo01",1971,7
"1368","carewro01",1971,2
"1369","carltst01",1971,0
"1370","fingero01",1971,0
"1371","fiskca01",1971,2
"1372","gibsobo01",1971,2
"1373","hunteca01",1971,1
"1374","jacksre01",1971,32
"1375","jenkife01",1971,6
"1376","kalinal01",1971,15
"1377","killeha01",1971,28
"1378","maricju01",1971,2
"1379","mayswi01",1971,18
"1380","mccovwi01",1971,18
"1381","morgajo02",1971,13
"1382","niekrph01",1971,0
"1383","palmeji01",1971,0
"1384","perezto01",1971,25
"1385","perryga01",1971,1
"1386","robinbr01",1971,20
"1387","robinfr02",1971,28
"1388","ryanno01",1971,0
"1389","seaveto01",1971,1
"1390","stargwi01",1971,48
"1391","suttodo01",1971,0
"1392","wilheho01",1971,0
"1393","wilheho01",1971,0
"1394","willibi01",1971,28
"1395","yastrca01",1971,15
"1396","aaronha01",1972,34
"1397","aparilu01",1972,3
"1398","benchjo01",1972,40
"1399","blylebe01",1972,0
"1400","brocklo01",1972,3
"1401","carewro01",1972,0
"1402","carltst01",1972,1
"1403","fingero01",1972,1
"1404","fiskca01",1972,22
"1405","gibsobo01",1972,5
"1406","gossari01",1972,0
"1407","hunteca01",1972,0
"1408","jacksre01",1972,25
"1409","jenkife01",1972,1
"1410","kalinal01",1972,10
"1411","killeha01",1972,26
"1412","maricju01",1972,0
"1413","mayswi01",1972,0
"1414","mayswi01",1972,8
"1415","mccovwi01",1972,14
"1416","morgajo02",1972,16
"1417","niekrph01",1972,1
"1418","palmeji01",1972,0
"1419","perezto01",1972,21
"1420","perryga01",1972,1
"1421","robinbr01",1972,8
"1422","robinfr02",1972,19
"1423","ryanno01",1972,0
"1424","schmimi01",1972,1
"1425","seaveto01",1972,3
"1426","stargwi01",1972,33
"1427","suttodo01",1972,0
"1428","wilheho01",1972,0
"1429","willibi01",1972,37
"1430","yastrca01",1972,12
"1431","aaronha01",1973,40
"1432","aparilu01",1973,0
"1433","benchjo01",1973,25
"1434","blylebe01",1973,0
"1435","brettge01",1973,0
"1436","brocklo01",1973,7
"1437","carewro01",1973,6
"1438","carltst01",1973,2
"1439","fingero01",1973,0
"1440","fiskca01",1973,26
"1441","gibsobo01",1973,2
"1442","gossari01",1973,0
"1443","hunteca01",1973,0
"1444","jacksre01",1973,32
"1445","jenkife01",1973,0
"1446","kalinal01",1973,10
"1447","killeha01",1973,5
"1448","maricju01",1973,0
"1449","mayswi01",1973,6
"1450","mccovwi01",1973,29
"1451","morgajo02",1973,26
"1452","niekrph01",1973,1
"1453","palmeji01",1973,0
"1454","perezto01",1973,27
"1455","perryga01",1973,0
"1456","robinbr01",1973,9
"1457","robinfr02",1973,30
"1458","ryanno01",1973,0
"1459","schmimi01",1973,18
"1460","seaveto01",1973,1
"1461","stargwi01",1973,44
"1462","suttodo01",1973,0
"1463","willibi01",1973,20
"1464","winfida01",1973,3
"1465","yastrca01",1973,19
"1466","aaronha01",1974,20
"1467","benchjo01",1974,33
"1468","blylebe01",1974,0
"1469","brettge01",1974,2
"1470","brocklo01",1974,3
"1471","carewro01",1974,3
"1472","carltst01",1974,0
"1473","cartega01",1974,1
"1474","fingero01",1974,0
"1475","fiskca01",1974,11
"1476","gibsobo01",1974,0
"1477","gossari01",1974,0
"1478","hunteca01",1974,0
"1479","jacksre01",1974,29
"1480","jenkife01",1974,0
"1481","kalinal01",1974,13
"1482","killeha01",1974,13
"1483","maricju01",1974,0
"1484","mccovwi01",1974,22
"1485","morgajo02",1974,22
"1486","niekrph01",1974,0
"1487","palmeji01",1974,0
"1488","perezto01",1974,28
"1489","perryga01",1974,0
"1490","riceji01",1974,1
"1491","robinbr01",1974,7
"1492","robinfr02",1974,20
"1493","robinfr02",1974,2
"1494","ryanno01",1974,0
"1495","schmimi01",1974,36
"1496","seaveto01",1974,0
"1497","stargwi01",1974,25
"1498","suttodo01",1974,0
"1499","willibi01",1974,16
"1500","winfida01",1974,20
"1501","yastrca01",1974,15
"1502","yountro01",1974,3
"1503","aaronha01",1975,12
"1504","benchjo01",1975,28
"1505","blylebe01",1975,0
"1506","brettge01",1975,11
"1507","brocklo01",1975,3
"1508","carewro01",1975,14
"1509","carltst01",1975,0
"1510","cartega01",1975,17
"1511","eckerde01",1975,0
"1512","fingero01",1975,0
"1513","fiskca01",1975,10
"1514","gibsobo01",1975,0
"1515","gossari01",1975,0
"1516","hunteca01",1975,0
"1517","jacksre01",1975,36
"1518","jenkife01",1975,0
"1519","killeha01",1975,14
"1520","maricju01",1975,0
"1521","mccovwi01",1975,23
"1522","morgajo02",1975,17
"1523","niekrph01",1975,0
"1524","palmeji01",1975,0
"1525","perezto01",1975,20
"1526","perryga01",1975,0
"1527","perryga01",1975,0
"1528","riceji01",1975,22
"1529","robinbr01",1975,6
"1530","robinfr02",1975,9
"1531","ryanno01",1975,0
"1532","schmimi01",1975,38
"1533","seaveto01",1975,0
"1534","stargwi01",1975,22
"1535","suttodo01",1975,0
"1536","willibi01",1975,23
"1537","winfida01",1975,15
"1538","yastrca01",1975,14
"1539","yountro01",1975,8
"1540","aaronha01",1976,10
"1541","benchjo01",1976,16
"1542","blylebe01",1976,0
"1543","blylebe01",1976,0
"1544","brettge01",1976,7
"1545","brocklo01",1976,4
"1546","carewro01",1976,9
"1547","carltst01",1976,0
"1548","cartega01",1976,6
"1549","dawsoan01",1976,0
"1550","eckerde01",1976,0
"1551","fingero01",1976,0
"1552","fiskca01",1976,17
"1553","gossari01",1976,0
"1554","hunteca01",1976,0
"1555","jacksre01",1976,27
"1556","jenkife01",1976,0
"1557","mccovwi01",1976,7
"1558","mccovwi01",1976,0
"1559","morgajo02",1976,27
"1560","niekrph01",1976,1
"1561","palmeji01",1976,0
"1562","perezto01",1976,19
"1563","perryga01",1976,0
"1564","riceji01",1976,25
"1565","robinbr01",1976,3
"1566","robinfr02",1976,3
"1567","ryanno01",1976,0
"1568","schmimi01",1976,38
"1569","seaveto01",1976,0
"1570","stargwi01",1976,20
"1571","suttebr01",1976,0
"1572","suttodo01",1976,0
"1573","willibi01",1976,11
"1574","winfida01",1976,13
"1575","yastrca01",1976,21
"1576","yountro01",1976,2
"1577","benchjo01",1977,31
"1578","blylebe01",1977,0
"1579","brettge01",1977,22
"1580","brocklo01",1977,2
"1581","carewro01",1977,14
"1582","carltst01",1977,3
"1583","cartega01",1977,31
"1584","dawsoan01",1977,19
"1585","eckerde01",1977,0
"1586","fingero01",1977,0
"1587","fiskca01",1977,26
"1588","gossari01",1977,0
"1589","hunteca01",1977,0
"1590","jacksre01",1977,32
"1591","jenkife01",1977,0
"1592","mccovwi01",1977,28
"1593","morgajo02",1977,22
"1594","murraed02",1977,27
"1595","niekrph01",1977,0
"1596","palmeji01",1977,0
"1597","perezto01",1977,19
"1598","perryga01",1977,0
"1599","riceji01",1977,39
"1600","robinbr01",1977,1
"1601","ryanno01",1977,0
"1602","schmimi01",1977,38
"1603","seaveto01",1977,0
"1604","seaveto01",1977,3
"1605","stargwi01",1977,13
"1606","suttebr01",1977,0
"1607","suttodo01",1977,0
"1608","winfida01",1977,25
"1609","yastrca01",1977,28
"1610","yountro01",1977,4
"1611","benchjo01",1978,23
"1612","blylebe01",1978,0
"1613","brettge01",1978,9
"1614","brocklo01",1978,0
"1615","carewro01",1978,5
"1616","carltst01",1978,0
"1617","cartega01",1978,20
"1618","dawsoan01",1978,25
"1619","eckerde01",1978,0
"1620","fingero01",1978,0
"1621","fiskca01",1978,20
"1622","gossari01",1978,0
"1623","hunteca01",1978,0
"1624","jacksre01",1978,27
"1625","jenkife01",1978,0
"1626","mccovwi01",1978,12
"1627","molitpa01",1978,6
"1628","morgajo02",1978,13
"1629","murraed02",1978,27
"1630","niekrph01",1978,0
"1631","palmeji01",1978,0
"1632","perezto01",1978,14
"1633","perryga01",1978,0
"1634","riceji01",1978,46
"1635","ryanno01",1978,0
"1636","schmimi01",1978,21
"1637","seaveto01",1978,0
"1638","smithoz01",1978,1
"1639","stargwi01",1978,28
"1640","suttebr01",1978,0
"1641","suttodo01",1978,0
"1642","winfida01",1978,24
"1643","yastrca01",1978,17
"1644","yountro01",1978,9
"1645","benchjo01",1979,22
"1646","blylebe01",1979,0
"1647","brettge01",1979,23
"1648","brocklo01",1979,5
"1649","carewro01",1979,3
"1650","carltst01",1979,0
"1651","cartega01",1979,22
"1652","dawsoan01",1979,25
"1653","eckerde01",1979,0
"1654","fingero01",1979,0
"1655","fiskca01",1979,10
"1656","gossari01",1979,0
"1657","henderi01",1979,1
"1658","hunteca01",1979,0
"1659","jacksre01",1979,29
"1660","jenkife01",1979,0
"1661","mccovwi01",1979,15
"1662","molitpa01",1979,9
"1663","morgajo02",1979,9
"1664","murraed02",1979,25
"1665","niekrph01",1979,0
"1666","palmeji01",1979,0
"1667","perezto01",1979,13
"1668","perryga01",1979,1
"1669","raineti01",1979,0
"1670","riceji01",1979,39
"1671","ryanno01",1979,0
"1672","schmimi01",1979,45
"1673","seaveto01",1979,2
"1674","smithoz01",1979,0
"1675","stargwi01",1979,32
"1676","suttebr01",1979,0
"1677","suttodo01",1979,0
"1678","winfida01",1979,34
"1679","yastrca01",1979,21
"1680","yountro01",1979,8
"1681","benchjo01",1980,24
"1682","blylebe01",1980,0
"1683","brettge01",1980,24
"1684","carewro01",1980,3
"1685","carltst01",1980,0
"1686","cartega01",1980,29
"1687","dawsoan01",1980,17
"1688","eckerde01",1980,0
"1689","fingero01",1980,0
"1690","fiskca01",1980,18
"1691","gossari01",1980,0
"1692","henderi01",1980,9
"1693","jacksre01",1980,41
"1694","jenkife01",1980,0
"1695","mccovwi01",1980,1
"1696","molitpa01",1980,9
"1697","morgajo02",1980,11
"1698","murraed02",1980,32
"1699","niekrph01",1980,0
"1700","palmeji01",1980,0
"1701","perezto01",1980,25
"1702","perryga01",1980,0
"1703","perryga01",1980,0
"1704","raineti01",1980,0
"1705","riceji01",1980,24
"1706","ryanno01",1980,1
"1707","schmimi01",1980,48
"1708","seaveto01",1980,0
"1709","smithoz01",1980,0
"1710","stargwi01",1980,11
"1711","suttebr01",1980,0
"1712","suttodo01",1980,0
"1713","winfida01",1980,20
"1714","yastrca01",1980,15
"1715","yountro01",1980,23
"1716","benchjo01",1981,8
"1717","blylebe01",1981,0
"1718","brettge01",1981,6
"1719","carewro01",1981,2
"1720","carltst01",1981,0
"1721","cartega01",1981,16
"1722","dawsoan01",1981,24
"1723","eckerde01",1981,0
"1724","fingero01",1981,0
"1725","fiskca01",1981,7
"1726","gossari01",1981,0
"1727","henderi01",1981,6
"1728","jacksre01",1981,15
"1729","jenkife01",1981,0
"1730","molitpa01",1981,2
"1731","morgajo02",1981,8
"1732","murraed02",1981,22
"1733","niekrph01",1981,0
"1734","palmeji01",1981,0
"1735","perezto01",1981,9
"1736","perryga01",1981,1
"1737","raineti01",1981,5
"1738","riceji01",1981,17
"1739","ripkeca01",1981,0
"1740","ryanno01",1981,0
"1741","sandbry01",1981,0
"1742","schmimi01",1981,31
"1743","seaveto01",1981,1
"1744","smithoz01",1981,0
"1745","stargwi01",1981,0
"1746","suttebr01",1981,0
"1747","suttodo01",1981,0
"1748","winfida01",1981,13
"1749","yastrca01",1981,7
"1750","yountro01",1981,10
"1751","benchjo01",1982,13
"1752","blylebe01",1982,0
"1753","boggswa01",1982,5
"1754","brettge01",1982,21
"1755","carewro01",1982,3
"1756","carltst01",1982,2
"1757","cartega01",1982,29
"1758","dawsoan01",1982,23
"1759","eckerde01",1982,0
"1760","fingero01",1982,0
"1761","fiskca01",1982,14
"1762","gossari01",1982,0
"1763","gwynnto01",1982,1
"1764","henderi01",1982,10
"1765","jacksre01",1982,39
"1766","jenkife01",1982,0
"1767","molitpa01",1982,19
"1768","morgajo02",1982,14
"1769","murraed02",1982,32
"1770","niekrph01",1982,1
"1771","palmeji01",1982,0
"1772","perezto01",1982,6
"1773","perryga01",1982,0
"1774","raineti01",1982,4
"1775","riceji01",1982,24
"1776","ripkeca01",1982,28
"1777","ryanno01",1982,0
"1778","sandbry01",1982,7
"1779","schmimi01",1982,35
"1780","seaveto01",1982,0
"1781","smithoz01",1982,2
"1782","stargwi01",1982,3
"1783","suttebr01",1982,0
"1784","suttodo01",1982,0
"1785","suttodo01",1982,0
"1786","winfida01",1982,37
"1787","yastrca01",1982,16
"1788","yountro01",1982,29
"1789","benchjo01",1983,12
"1790","blylebe01",1983,0
"1791","boggswa01",1983,5
"1792","brettge01",1983,25
"1793","carewro01",1983,2
"1794","carltst01",1983,0
"1795","cartega01",1983,17
"1796","dawsoan01",1983,32
"1797","eckerde01",1983,0
"1798","fiskca01",1983,26
"1799","gossari01",1983,0
"1800","gwynnto01",1983,1
"1801","henderi01",1983,9
"1802","jacksre01",1983,14
"1803","jenkife01",1983,0
"1804","molitpa01",1983,15
"1805","morgajo02",1983,16
"1806","murraed02",1983,33
"1807","niekrph01",1983,0
"1808","palmeji01",1983,0
"1809","perezto01",1983,6
"1810","perryga01",1983,0
"1811","perryga01",1983,0
"1812","raineti01",1983,11
"1813","riceji01",1983,39
"1814","ripkeca01",1983,27
"1815","ryanno01",1983,0
"1816","sandbry01",1983,8
"1817","schmimi01",1983,40
"1818","seaveto01",1983,0
"1819","smithoz01",1983,3
"1820","suttebr01",1983,0
"1821","suttodo01",1983,0
"1822","winfida01",1983,32
"1823","yastrca01",1983,10
"1824","yountro01",1983,17
"1825","blylebe01",1984,0
"1826","boggswa01",1984,6
"1827","brettge01",1984,13
"1828","carewro01",1984,3
"1829","carltst01",1984,1
"1830","cartega01",1984,27
"1831","dawsoan01",1984,17
"1832","eckerde01",1984,0
"1833","eckerde01",1984,0
"1834","fingero01",1984,0
"1835","fiskca01",1984,21
"1836","gossari01",1984,0
"1837","gwynnto01",1984,5
"1838","henderi01",1984,16
"1839","jacksre01",1984,25
"1840","molitpa01",1984,0
"1841","morgajo02",1984,6
"1842","murraed02",1984,29
"1843","niekrph01",1984,0
"1844","palmeji01",1984,0
"1845","perezto01",1984,2
"1846","puckeki01",1984,0
"1847","raineti01",1984,8
"1848","riceji01",1984,28
"1849","ripkeca01",1984,27
"1850","ryanno01",1984,0
"1851","sandbry01",1984,19
"1852","schmimi01",1984,36
"1853","seaveto01",1984,0
"1854","smithoz01",1984,1
"1855","suttebr01",1984,0
"1856","suttodo01",1984,0
"1857","winfida01",1984,19
"1858","yountro01",1984,16
"1859","blylebe01",1985,0
"1860","blylebe01",1985,0
"1861","boggswa01",1985,8
"1862","brettge01",1985,30
"1863","carewro01",1985,2
"1864","carltst01",1985,0
"1865","cartega01",1985,32
"1866","dawsoan01",1985,23
"1867","eckerde01",1985,1
"1868","fingero01",1985,0
"1869","fiskca01",1985,37
"1870","gossari01",1985,0
"1871","gwynnto01",1985,6
"1872","henderi01",1985,24
"1873","jacksre01",1985,27
"1874","molitpa01",1985,10
"1875","murraed02",1985,31
"1876","niekrph01",1985,0
"1877","perezto01",1985,6
"1878","puckeki01",1985,4
"1879","raineti01",1985,11
"1880","riceji01",1985,27
"1881","ripkeca01",1985,26
"1882","ryanno01",1985,0
"1883","sandbry01",1985,26
"1884","schmimi01",1985,33
"1885","seaveto01",1985,0
"1886","smithoz01",1985,6
"1887","suttebr01",1985,0
"1888","suttodo01",1985,0
"1889","suttodo01",1985,0
"1890","winfida01",1985,26
"1891","yountro01",1985,15
"1892","blylebe01",1986,0
"1893","boggswa01",1986,8
"1894","brettge01",1986,16
"1895","carltst01",1986,0
"1896","carltst01",1986,1
"1897","carltst01",1986,0
"1898","cartega01",1986,24
"1899","dawsoan01",1986,20
"1900","eckerde01",1986,2
"1901","fiskca01",1986,14
"1902","gossari01",1986,0
"1903","gwynnto01",1986,14
"1904","henderi01",1986,28
"1905","jacksre01",1986,18
"1906","larkiba01",1986,3
"1907","maddugr01",1986,0
"1908","molitpa01",1986,9
"1909","murraed02",1986,17
"1910","niekrph01",1986,0
"1911","perezto01",1986,2
"1912","puckeki01",1986,31
"1913","raineti01",1986,9
"1914","riceji01",1986,20
"1915","ripkeca01",1986,25
"1916","ryanno01",1986,0
"1917","sandbry01",1986,14
"1918","schmimi01",1986,37
"1919","seaveto01",1986,0
"1920","seaveto01",1986,0
"1921","smithoz01",1986,0
"1922","suttebr01",1986,0
"1923","suttodo01",1986,0
"1924","winfida01",1986,24
"1925","yountro01",1986,9
"1926","blylebe01",1987,0
"1927","boggswa01",1987,24
"1928","brettge01",1987,22
"1929","carltst01",1987,0
"1930","carltst01",1987,0
"1931","cartega01",1987,20
"1932","dawsoan01",1987,49
"1933","eckerde01",1987,0
"1934","fiskca01",1987,23
"1935","glavito02",1987,0
"1936","gossari01",1987,0
"1937","gwynnto01",1987,7
"1938","henderi01",1987,17
"1939","jacksre01",1987,15
"1940","larkiba01",1987,12
"1941","maddugr01",1987,0
"1942","molitpa01",1987,16
"1943","murraed02",1987,30
"1944","niekrph01",1987,0
"1945","niekrph01",1987,0
"1946","niekrph01",1987,0
"1947","puckeki01",1987,28
"1948","raineti01",1987,18
"1949","riceji01",1987,13
"1950","ripkeca01",1987,27
"1951","ryanno01",1987,1
"1952","sandbry01",1987,16
"1953","schmimi01",1987,35
"1954","smithoz01",1987,0
"1955","suttodo01",1987,0
"1956","winfida01",1987,27
"1957","yountro01",1987,21
"1958","alomaro01",1988,9
"1959","biggicr01",1988,3
"1960","blylebe01",1988,0
"1961","boggswa01",1988,5
"1962","brettge01",1988,24
"1963","carltst01",1988,0
"1964","cartega01",1988,11
"1965","dawsoan01",1988,24
"1966","eckerde01",1988,0
"1967","fiskca01",1988,19
"1968","glavito02",1988,0
"1969","gossari01",1988,0
"1970","gwynnto01",1988,7
"1971","henderi01",1988,6
"1972","johnsra05",1988,0
"1973","larkiba01",1988,12
"1974","maddugr01",1988,0
"1975","molitpa01",1988,13
"1976","murraed02",1988,28
"1977","puckeki01",1988,24
"1978","raineti01",1988,12
"1979","riceji01",1988,15
"1980","ripkeca01",1988,23
"1981","ryanno01",1988,0
"1982","sandbry01",1988,19
"1983","schmimi01",1988,12
"1984","smithoz01",1988,3
"1985","smoltjo01",1988,0
"1986","suttebr01",1988,0
"1987","suttodo01",1988,0
"1988","winfida01",1988,25
"1989","yountro01",1988,13
"1990","alomaro01",1989,7
"1991","biggicr01",1989,13
"1992","blylebe01",1989,0
"1993","boggswa01",1989,3
"1994","brettge01",1989,12
"1995","cartega01",1989,2
"1996","dawsoan01",1989,21
"1997","eckerde01",1989,0
"1998","fiskca01",1989,13
"1999","glavito02",1989,0
"2000","gossari01",1989,0
"2001","gossari01",1989,0
"2002","griffke02",1989,16
"2003","gwynnto01",1989,4
"2004","henderi01",1989,3
"2005","henderi01",1989,9
"2006","johnsra05",1989,0
"2007","johnsra05",1989,0
"2008","larkiba01",1989,4
"2009","maddugr01",1989,0
"2010","molitpa01",1989,11
"2011","murraed02",1989,20
"2012","puckeki01",1989,9
"2013","raineti01",1989,9
"2014","riceji01",1989,3
"2015","ripkeca01",1989,21
"2016","ryanno01",1989,0
"2017","sandbry01",1989,30
"2018","schmimi01",1989,6
"2019","smithoz01",1989,2
"2020","smoltjo01",1989,1
"2021","yountro01",1989,21
"2022","alomaro01",1990,6
"2023","biggicr01",1990,4
"2024","blylebe01",1990,0
"2025","boggswa01",1990,6
"2026","brettge01",1990,14
"2027","cartega01",1990,9
"2028","dawsoan01",1990,27
"2029","eckerde01",1990,0
"2030","fiskca01",1990,18
"2031","glavito02",1990,0
"2032","griffke02",1990,22
"2033","gwynnto01",1990,4
"2034","henderi01",1990,28
"2035","johnsra05",1990,0
"2036","larkiba01",1990,7
"2037","maddugr01",1990,0
"2038","molitpa01",1990,12
"2039","murraed02",1990,26
"2040","puckeki01",1990,12
"2041","raineti01",1990,9
"2042","ripkeca01",1990,21
"2043","ryanno01",1990,0
"2044","sandbry01",1990,40
"2045","smithoz01",1990,1
"2046","smoltjo01",1990,0
"2047","thomafr04",1990,7
"2048","winfida01",1990,2
"2049","winfida01",1990,19
"2050","yountro01",1990,17
"2051","alomaro01",1991,9
"2052","bagweje01",1991,15
"2053","biggicr01",1991,4
"2054","boggswa01",1991,8
"2055","brettge01",1991,10
"2056","cartega01",1991,6
"2057","dawsoan01",1991,31
"2058","eckerde01",1991,0
"2059","fiskca01",1991,18
"2060","glavito02",1991,0
"2061","gossari01",1991,0
"2062","griffke02",1991,22
"2063","gwynnto01",1991,4
"2064","henderi01",1991,18
"2065","johnsra05",1991,0
"2066","larkiba01",1991,20
"2067","maddugr01",1991,1
"2068","molitpa01",1991,17
"2069","murraed02",1991,19
"2070","puckeki01",1991,15
"2071","raineti01",1991,5
"2072","ripkeca01",1991,34
"2073","rodriiv01",1991,3
"2074","ryanno01",1991,0
"2075","sandbry01",1991,26
"2076","smithoz01",1991,3
"2077","smoltjo01",1991,0
"2078","thomafr04",1991,32
"2079","thomeji01",1991,1
"2080","winfida01",1991,28
"2081","yountro01",1991,10
"2082","alomaro01",1992,8
"2083","bagweje01",1992,18
"2084","biggicr01",1992,6
"2085","blylebe01",1992,0
"2086","boggswa01",1992,7
"2087","brettge01",1992,7
"2088","cartega01",1992,5
"2089","dawsoan01",1992,22
"2090","eckerde01",1992,0
"2091","fiskca01",1992,3
"2092","glavito02",1992,0
"2093","gossari01",1992,0
"2094","griffke02",1992,27
"2095","gwynnto01",1992,6
"2096","henderi01",1992,15
"2097","johnsra05",1992,0
"2098","larkiba01",1992,12
"2099","maddugr01",1992,1
"2100","martipe02",1992,0
"2101","molitpa01",1992,12
"2102","murraed02",1992,16
"2103","piazzmi01",1992,1
"2104","puckeki01",1992,19
"2105","raineti01",1992,7
"2106","ripkeca01",1992,14
"2107","rodriiv01",1992,8
"2108","ryanno01",1992,0
"2109","sandbry01",1992,26
"2110","smithoz01",1992,0
"2111","smoltjo01",1992,1
"2112","thomafr04",1992,24
"2113","thomeji01",1992,2
"2114","winfida01",1992,26
"2115","yountro01",1992,8
"2116","alomaro01",1993,17
"2117","bagweje01",1993,20
"2118","biggicr01",1993,21
"2119","boggswa01",1993,2
"2120","brettge01",1993,19
"2121","dawsoan01",1993,13
"2122","eckerde01",1993,0
"2123","fiskca01",1993,1
"2124","glavito02",1993,0
"2125","gossari01",1993,0
"2126","griffke02",1993,45
"2127","gwynnto01",1993,7
"2128","henderi01",1993,17
"2129","henderi01",1993,4
"2130","hoffmtr01",1993,0
"2131","hoffmtr01",1993,0
"2132","johnsra05",1993,0
"2133","jonesch06",1993,0
"2134","larkiba01",1993,8
"2135","maddugr01",1993,0
"2136","martipe02",1993,0
"2137","molitpa01",1993,22
"2138","murraed02",1993,27
"2139","piazzmi01",1993,35
"2140","puckeki01",1993,22
"2141","raineti01",1993,16
"2142","ripkeca01",1993,24
"2143","rodriiv01",1993,10
"2144","ryanno01",1993,0
"2145","sandbry01",1993,9
"2146","smithoz01",1993,1
"2147","smoltjo01",1993,0
"2148","thomafr04",1993,41
"2149","thomeji01",1993,7
"2150","winfida01",1993,21
"2151","yountro01",1993,8
"2152","alomaro01",1994,8
"2153","bagweje01",1994,39
"2154","biggicr01",1994,6
"2155","boggswa01",1994,11
"2156","dawsoan01",1994,16
"2157","eckerde01",1994,0
"2158","glavito02",1994,0
"2159","gossari01",1994,0
"2160","griffke02",1994,40
"2161","gwynnto01",1994,12
"2162","henderi01",1994,6
"2163","hoffmtr01",1994,0
"2164","johnsra05",1994,0
"2165","larkiba01",1994,9
"2166","maddugr01",1994,0
"2167","martipe02",1994,0
"2168","molitpa01",1994,14
"2169","murraed02",1994,17
"2170","piazzmi01",1994,24
"2171","puckeki01",1994,20
"2172","raineti01",1994,10
"2173","ripkeca01",1994,13
"2174","rodriiv01",1994,16
"2175","sandbry01",1994,5
"2176","smithoz01",1994,3
"2177","smoltjo01",1994,1
"2178","thomafr04",1994,38
"2179","thomeji01",1994,20
"2180","winfida01",1994,10
"2181","alomaro01",1995,13
"2182","bagweje01",1995,21
"2183","biggicr01",1995,22
"2184","boggswa01",1995,5
"2185","dawsoan01",1995,8
"2186","eckerde01",1995,0
"2187","glavito02",1995,1
"2188","griffke02",1995,17
"2189","gwynnto01",1995,9
"2190","henderi01",1995,9
"2191","hoffmtr01",1995,0
"2192","johnsra05",1995,0
"2193","jonesch06",1995,23
"2194","larkiba01",1995,15
"2195","maddugr01",1995,0
"2196","martipe02",1995,0
"2197","molitpa01",1995,15
"2198","murraed02",1995,21
"2199","piazzmi01",1995,32
"2200","puckeki01",1995,23
"2201","raineti01",1995,12
"2202","ripkeca01",1995,17
"2203","rodriiv01",1995,12
"2204","smithoz01",1995,0
"2205","smoltjo01",1995,0
"2206","thomafr04",1995,40
"2207","thomeji01",1995,25
"2208","winfida01",1995,2
"2209","alomaro01",1996,22
"2210","bagweje01",1996,31
"2211","biggicr01",1996,15
"2212","boggswa01",1996,2
"2213","dawsoan01",1996,2
"2214","eckerde01",1996,0
"2215","glavito02",1996,0
"2216","griffke02",1996,49
"2217","guerrvl01",1996,1
"2218","gwynnto01",1996,3
"2219","henderi01",1996,9
"2220","hoffmtr01",1996,0
"2221","johnsra05",1996,0
"2222","jonesch06",1996,30
"2223","larkiba01",1996,33
"2224","maddugr01",1996,0
"2225","martipe02",1996,0
"2226","molitpa01",1996,9
"2227","murraed02",1996,12
"2228","murraed02",1996,10
"2229","piazzmi01",1996,36
"2230","raineti01",1996,9
"2231","ripkeca01",1996,26
"2232","rodriiv01",1996,19
"2233","sandbry01",1996,25
"2234","smithoz01",1996,2
"2235","smoltjo01",1996,1
"2236","thomafr04",1996,40
"2237","thomeji01",1996,38
"2238","alomaro01",1997,14
"2239","bagweje01",1997,43
"2240","biggicr01",1997,22
"2241","boggswa01",1997,4
"2242","eckerde01",1997,0
"2243","glavito02",1997,0
"2244","griffke02",1997,56
"2245","guerrvl01",1997,11
"2246","gwynnto01",1997,17
"2247","henderi01",1997,6
"2248","henderi01",1997,2
"2249","hoffmtr01",1997,0
"2250","johnsra05",1997,0
"2251","jonesch06",1997,21
"2252","larkiba01",1997,4
"2253","maddugr01",1997,0
"2254","martipe02",1997,0
"2255","molitpa01",1997,10
"2256","murraed02",1997,3
"2257","murraed02",1997,0
"2258","piazzmi01",1997,40
"2259","raineti01",1997,4
"2260","ripkeca01",1997,17
"2261","rodriiv01",1997,20
"2262","sandbry01",1997,12
"2263","smoltjo01",1997,0
"2264","thomafr04",1997,35
"2265","thomeji01",1997,40
"2266","alomaro01",1998,14
"2267","bagweje01",1998,34
"2268","biggicr01",1998,20
"2269","boggswa01",1998,7
"2270","eckerde01",1998,0
"2271","glavito02",1998,0
"2272","griffke02",1998,56
"2273","guerrvl01",1998,38
"2274","gwynnto01",1998,16
"2275","henderi01",1998,14
"2276","hoffmtr01",1998,0
"2277","johnsra05",1998,0
"2278","johnsra05",1998,0
"2279","jonesch06",1998,34
"2280","larkiba01",1998,17
"2281","maddugr01",1998,0
"2282","martipe02",1998,0
"2283","molitpa01",1998,4
"2284","piazzmi01",1998,9
"2285","piazzmi01",1998,0
"2286","piazzmi01",1998,23
"2287","raineti01",1998,5
"2288","ripkeca01",1998,14
"2289","rodriiv01",1998,21
"2290","smoltjo01",1998,0
"2291","thomafr04",1998,29
"2292","thomeji01",1998,30
"2293","alomaro01",1999,24
"2294","bagweje01",1999,42
"2295","biggicr01",1999,16
"2296","boggswa01",1999,2
"2297","glavito02",1999,0
"2298","griffke02",1999,48
"2299","guerrvl01",1999,42
"2300","gwynnto01",1999,10
"2301","henderi01",1999,12
"2302","hoffmtr01",1999,0
"2303","johnsra05",1999,0
"2304","jonesch06",1999,45
"2305","larkiba01",1999,12
"2306","maddugr01",1999,2
"2307","martipe02",1999,0
"2308","piazzmi01",1999,40
"2309","raineti01",1999,4
"2310","ripkeca01",1999,18
"2311","rodriiv01",1999,35
"2312","smoltjo01",1999,1
"2313","thomafr04",1999,15
"2314","thomeji01",1999,33
"2315","alomaro01",2000,19
"2316","bagweje01",2000,47
"2317","biggicr01",2000,8
"2318","glavito02",2000,0
"2319","griffke02",2000,40
"2320","guerrvl01",2000,44
"2321","gwynnto01",2000,1
"2322","henderi01",2000,0
"2323","henderi01",2000,4
"2324","hoffmtr01",2000,0
"2325","johnsra05",2000,0
"2326","jonesch06",2000,36
"2327","larkiba01",2000,11
"2328","maddugr01",2000,0
"2329","martipe02",2000,0
"2330","piazzmi01",2000,38
"2331","ripkeca01",2000,15
"2332","rodriiv01",2000,27
"2333","thomafr04",2000,43
"2334","thomeji01",2000,37
"2335","alomaro01",2001,20
"2336","bagweje01",2001,39
"2337","biggicr01",2001,20
"2338","glavito02",2001,0
"2339","griffke02",2001,22
"2340","guerrvl01",2001,34
"2341","gwynnto01",2001,1
"2342","henderi01",2001,8
"2343","hoffmtr01",2001,0
"2344","johnsra05",2001,0
"2345","jonesch06",2001,38
"2346","larkiba01",2001,2
"2347","maddugr01",2001,0
"2348","martipe02",2001,0
"2349","piazzmi01",2001,36
"2350","raineti01",2001,0
"2351","raineti01",2001,1
"2352","ripkeca01",2001,14
"2353","rodriiv01",2001,25
"2354","smoltjo01",2001,0
"2355","thomafr04",2001,4
"2356","thomeji01",2001,49
"2357","alomaro01",2002,11
"2358","bagweje01",2002,31
"2359","biggicr01",2002,15
"2360","glavito02",2002,0
"2361","griffke02",2002,8
"2362","guerrvl01",2002,39
"2363","henderi01",2002,5
"2364","hoffmtr01",2002,0
"2365","johnsra05",2002,0
"2366","jonesch06",2002,26
"2367","larkiba01",2002,7
"2368","maddugr01",2002,0
"2369","martipe02",2002,0
"2370","piazzmi01",2002,33
"2371","raineti01",2002,1
"2372","rodriiv01",2002,19
"2373","smoltjo01",2002,0
"2374","thomafr04",2002,28
"2375","thomeji01",2002,52
"2376","alomaro01",2003,2
"2377","alomaro01",2003,3
"2378","bagweje01",2003,39
"2379","biggicr01",2003,15
"2380","glavito02",2003,0
"2381","griffke02",2003,13
"2382","guerrvl01",2003,25
"2383","henderi01",2003,2
"2384","hoffmtr01",2003,0
"2385","johnsra05",2003,1
"2386","jonesch06",2003,27
"2387","larkiba01",2003,2
"2388","maddugr01",2003,0
"2389","martipe02",2003,0
"2390","piazzmi01",2003,11
"2391","rodriiv01",2003,16
"2392","smoltjo01",2003,0
"2393","thomafr04",2003,42
"2394","thomeji01",2003,47
"2395","alomaro01",2004,3
"2396","alomaro01",2004,1
"2397","bagweje01",2004,27
"2398","biggicr01",2004,24
"2399","glavito02",2004,0
"2400","griffke02",2004,20
"2401","guerrvl01",2004,39
"2402","hoffmtr01",2004,0
"2403","johnsra05",2004,0
"2404","jonesch06",2004,30
"2405","larkiba01",2004,8
"2406","maddugr01",2004,0
"2407","martipe02",2004,0
"2408","piazzmi01",2004,20
"2409","rodriiv01",2004,19
"2410","smoltjo01",2004,0
"2411","thomafr04",2004,18
"2412","thomeji01",2004,42
"2413","bagweje01",2005,3
"2414","biggicr01",2005,26
"2415","glavito02",2005,0
"2416","griffke02",2005,35
"2417","guerrvl01",2005,32
"2418","hoffmtr01",2005,0
"2419","johnsra05",2005,0
"2420","jonesch06",2005,21
"2421","maddugr01",2005,1
"2422","martipe02",2005,0
"2423","piazzmi01",2005,19
"2424","rodriiv01",2005,14
"2425","smoltjo01",2005,0
"2426","thomafr04",2005,12
"2427","thomeji01",2005,7
"2428","biggicr01",2006,21
"2429","glavito02",2006,0
"2430","griffke02",2006,27
"2431","guerrvl01",2006,33
"2432","hoffmtr01",2006,0
"2433","johnsra05",2006,0
"2434","jonesch06",2006,26
"2435","maddugr01",2006,0
"2436","maddugr01",2006,0
"2437","martipe02",2006,0
"2438","piazzmi01",2006,22
"2439","rodriiv01",2006,13
"2440","smoltjo01",2006,0
"2441","thomafr04",2006,39
"2442","thomeji01",2006,42
"2443","biggicr01",2007,10
"2444","glavito02",2007,0
"2445","griffke02",2007,30
"2446","guerrvl01",2007,27
"2447","hoffmtr01",2007,0
"2448","johnsra05",2007,0
"2449","jonesch06",2007,29
"2450","maddugr01",2007,0
"2451","martipe02",2007,0
"2452","piazzmi01",2007,8
"2453","rodriiv01",2007,11
"2454","smoltjo01",2007,0
"2455","thomafr04",2007,26
"2456","thomeji01",2007,35
"2457","glavito02",2008,0
"2458","griffke02",2008,15
"2459","griffke02",2008,3
"2460","guerrvl01",2008,27
"2461","hoffmtr01",2008,0
"2462","johnsra05",2008,0
"2463","jonesch06",2008,22
"2464","maddugr01",2008,0
"2465","maddugr01",2008,0
"2466","martipe02",2008,0
"2467","rodriiv01",2008,5
"2468","rodriiv01",2008,2
"2469","smoltjo01",2008,0
"2470","thomafr04",2008,3
"2471","thomafr04",2008,5
"2472","thomeji01",2008,34
"2473","griffke02",2009,19
"2474","guerrvl01",2009,15
"2475","hoffmtr01",2009,0
"2476","johnsra05",2009,0
"2477","jonesch06",2009,18
"2478","martipe02",2009,0
"2479","rodriiv01",2009,8
"2480","rodriiv01",2009,2
"2481","smoltjo01",2009,0
"2482","smoltjo01",2009,0
"2483","thomeji01",2009,23
"2484","thomeji01",2009,0
"2485","griffke02",2010,0
"2486","guerrvl01",2010,29
"2487","hoffmtr01",2010,0
"2488","jonesch06",2010,10
"2489","rodriiv01",2010,4
"2490","thomeji01",2010,25
"2491","guerrvl01",2011,13
"2492","jonesch06",2011,18
"2493","rodriiv01",2011,2
"2494","thomeji01",2011,12
"2495","thomeji01",2011,3
"2496","jonesch06",2012,14
"2497","thomeji01",2012,5
"2498","thomeji01",2012,3
